{
  "version": "1.1.1",
  "windows": {
    "main": {
      "main": true,
      "url": "app://editor/index.html",
      "windowType": "dockable",
      "x": -297,
      "y": -1388,
      "width": 2239,
      "height": 1288,
      "layout": {
        "children": [
          {
            "children": [
              {
                "active": 0,
                "children": [
                  "hierarchy"
                ],
                "height": 412.5,
                "type": "panel",
                "width": 534.109375
              },
              {
                "active": 0,
                "children": [
                  "assets",
                  "cloud-function"
                ],
                "height": 791.5,
                "type": "panel",
                "width": 534.109375
              }
            ],
            "height": 1207,
            "type": "dock-v",
            "width": 534.109375
          },
          {
            "children": [
              {
                "children": [
                  {
                    "active": 0,
                    "children": [
                      "scene"
                    ],
                    "height": 799.109375,
                    "type": "panel",
                    "width": 700.1875
                  },
                  {
                    "active": 0,
                    "children": [
                      "node-library"
                    ],
                    "height": 799.109375,
                    "type": "panel",
                    "width": 463.140625
                  }
                ],
                "height": 799.109375,
                "type": "dock-h",
                "width": 1166.328125
              },
              {
                "active": 0,
                "children": [
                  "console",
                  "timeline",
                  "game-window"
                ],
                "height": 404.875,
                "type": "panel",
                "width": 1166.328125
              }
            ],
            "height": 1207,
            "type": "dock-v",
            "width": 1166.328125
          },
          {
            "active": 0,
            "children": [
              "inspector",
              "cocos-services"
            ],
            "height": 1207,
            "type": "panel",
            "width": 532.5625
          }
        ],
        "type": "dock-h"
      },
      "panels": [
        "hierarchy",
        "assets",
        "cloud-function",
        "scene",
        "node-library",
        "console",
        "timeline",
        "game-window",
        "inspector",
        "cocos-services"
      ]
    },
    "worker": {},
    "window-1606890594309": {}
  },
  "panels": {
    "builder": {
      "x": 997,
      "y": -1329,
      "width": 500,
      "height": 722
    },
    "project-settings": {
      "x": 456,
      "y": 109,
      "width": 584,
      "height": 548
    },
    "preferences": {
      "x": 446,
      "y": 86,
      "width": 584,
      "height": 548
    }
  },
  "panelLabelWidth": {
    "builder": null,
    "inspector": null,
    "project-settings": null,
    "preferences": null
  }
}
